id;pseudo;mot_de_passe;date_inscription;est_administrateur
1;manage premise overwork;the boohoo;2024-11-25T09:02:01;true
2;at internalize annex;boo at;2024-11-25T09:10:55;true
3;large catch down;quarrelsomely tennis;2024-11-24T14:59:25;false
4;along;helplessly after for;2024-11-24T22:51:50;true
5;lucky willfully beside;boo meanwhile hole;2024-11-24T22:09:54;true
6;knottily messy boo;off pilot;2024-11-24T23:46:25;true
7;atop;tough;2024-11-25T01:24:53;true
8;provided;illiterate;2024-11-24T14:00:34;false
9;sneaky;meanwhile safely;2024-11-25T10:43:06;false
10;willfully license woot;vengeful when;2024-11-24T23:52:38;true
